0,000000	0,020000	4,572014	0,007215
1,000000	0,100000	4,566927	0,007215
2,000000	0,180000	4,555480	0,011030
3,000000	0,260000	4,544034	0,009758
4,000000	0,350000	4,536403	0,008487
5,000000	0,430000	4,524956	0,013574
6,000000	0,510000	4,512238	0,008487
7,000000	0,590000	4,490616	0,009758
8,000000	0,670000	4,476626	0,011030
9,000000	0,750000	4,461364	0,009758
10,000000	0,830000	4,442286	0,011030
11,000000	0,910000	4,432111	0,009758
12,000000	0,990000	4,414305	0,007215
13,000000	1,070000	4,400315	0,009758
14,000000	1,150000	4,379966	0,013574
15,000000	1,230000	4,365975	0,009758
16,000000	1,310000	4,355800	0,005943
17,000000	1,390000	4,341810	0,008487
18,000000	1,470000	4,324004	0,007215
19,000000	1,550000	4,302383	0,013574
20,000000	1,630000	4,290936	0,011030
21,000000	1,710000	4,288393	0,011030
22,000000	1,800000	4,274402	0,009758
23,000000	1,880000	4,255325	0,011030
24,000000	1,960000	4,238791	0,011030
25,000000	2,040000	4,223528	0,013574
26,000000	2,120000	4,209538	0,009758
27,000000	2,200000	4,201907	0,012302
28,000000	2,280000	4,186645	0,011030
29,000000	2,360000	4,177742	0,009758
30,000000	2,440000	4,175198	0,007215
31,000000	2,520000	4,163752	0,008487
32,000000	2,600000	4,151033	0,008487
33,000000	2,680000	4,140858	0,014846
34,000000	2,760000	4,125596	0,009758
35,000000	2,850000	4,112878	0,009758
36,000000	2,920000	4,103975	0,009758
37,000000	3,000000	4,089984	0,007215
38,000000	3,080000	4,074722	0,012302
39,000000	3,170000	4,060732	0,008487
40,000000	3,250000	4,044198	0,011030
41,000000	3,330000	4,031479	0,011030
42,000000	3,410000	4,012402	0,012302
43,000000	3,490000	4,000955	0,011030
44,000000	3,570000	3,995868	0,009758
45,000000	3,650000	3,975518	0,011030
46,000000	3,730000	3,971703	0,008487
47,000000	3,810000	3,960256	0,012302
48,000000	3,900000	3,947537	0,012302
49,000000	3,980000	3,932275	0,008487
50,000000	4,060000	3,914469	0,011030
51,000000	4,140000	3,892848	0,008487
52,000000	4,220000	3,881401	0,009758
53,000000	4,300000	3,868683	0,012302
54,000000	4,380000	3,854693	0,009758
55,000000	4,460000	3,833071	0,007215
56,000000	4,540000	3,822896	0,009758
57,000000	4,620000	3,803819	0,013574
58,000000	4,700000	3,791100	0,009758
59,000000	4,780000	3,778382	0,011030
60,000000	4,860000	3,766935	0,008487
61,000000	4,950000	3,749129	0,007215
62,000000	5,030000	3,735139	0,011030
63,000000	5,110000	3,717333	0,005943
64,000000	5,190000	3,707158	0,009758
65,000000	5,270000	3,695712	0,011030
66,000000	5,350000	3,676634	0,008487
67,000000	5,430000	3,666459	0,013574
68,000000	5,510000	3,647382	0,009758
69,000000	5,590000	3,642294	0,009758
70,000000	5,670000	3,630848	0,012302
71,000000	5,750000	3,619401	0,009758
72,000000	5,830000	3,613042	0,009758
73,000000	5,910000	3,600323	0,012302
74,000000	6,000000	3,586333	0,009758
75,000000	6,080000	3,572343	0,012302
76,000000	6,160000	3,562168	0,008487
77,000000	6,240000	3,548177	0,012302
78,000000	6,320000	3,525284	0,008487
79,000000	6,400000	3,510022	0,011030
80,000000	6,480000	3,492216	0,007215
81,000000	6,560000	3,478226	0,012302
82,000000	6,640000	3,468051	0,007215
83,000000	6,720000	3,459148	0,011030
84,000000	6,800000	3,434983	0,014846
85,000000	6,890000	3,418449	0,008487
86,000000	6,970000	3,404459	0,008487
87,000000	7,050000	3,382837	0,004671
88,000000	7,130000	3,372663	0,013574
89,000000	7,210000	3,356129	0,012302
90,000000	7,290000	3,342138	0,012302
91,000000	7,370000	3,328148	0,012302
92,000000	7,450000	3,300167	0,007215
93,000000	7,530000	3,277274	0,012302
94,000000	7,610000	3,260740	0,011030
95,000000	7,690000	3,237847	0,012302
96,000000	7,770000	3,213682	0,011030
97,000000	7,850000	3,204779	0,013574
98,000000	7,930000	3,185701	0,011030
99,000000	8,020000	3,169167	0,005943
100,000000	8,100000	3,153905	0,011030
101,000000	8,180000	3,138643	0,013574
102,000000	8,260000	3,117021	0,012302
103,000000	8,340000	3,097944	0,007215
104,000000	8,420000	3,072507	0,014846
105,000000	8,500000	3,052157	0,012302
106,000000	8,580000	3,027992	0,009758
107,000000	8,660000	3,010186	0,013574
108,000000	8,740000	2,993652	0,011030
109,000000	8,820000	2,966943	0,011030
110,000000	8,900000	2,950409	0,008487
111,000000	8,980000	2,933875	0,008487
112,000000	9,060000	2,922429	0,011030
113,000000	9,150000	2,899535	0,011030
114,000000	9,230000	2,881729	0,009758
115,000000	9,310000	2,874098	0,005943
116,000000	9,390000	2,866467	0,005943
117,000000	9,470000	2,855021	0,009758
118,000000	9,550000	2,848661	0,009758
119,000000	9,640000	2,833399	0,011030
120,000000	9,720000	2,825768	0,009758
121,000000	9,800000	2,814322	0,013574
122,000000	9,880000	2,805419	0,011030
123,000000	9,960000	2,792700	0,009758
124,000000	10,040000	2,779982	0,014846
125,000000	10,120000	2,769807	0,005943
126,000000	10,200000	2,771079	0,011030
127,000000	10,280000	2,762176	0,007215
128,000000	10,360000	2,746914	0,012302
129,000000	10,440000	2,752001	0,012302
130,000000	10,520000	2,736739	0,008487
131,000000	10,600000	2,725292	0,007215
132,000000	10,680000	2,713846	0,011030
133,000000	10,770000	2,701127	0,011030
134,000000	10,850000	2,685865	0,008487
135,000000	10,920000	2,668059	0,005943
136,000000	11,010000	2,659156	0,005943
137,000000	11,090000	2,638807	0,008487
138,000000	11,170000	2,624816	0,011030
139,000000	11,250000	2,601923	0,007215
140,000000	11,330000	2,594292	0,012302
141,000000	11,410000	2,573942	0,008487
142,000000	11,490000	2,566311	0,013574
143,000000	11,570000	2,552321	0,011030
144,000000	11,650000	2,549777	0,011030
145,000000	11,730000	2,537059	0,007215
146,000000	11,810000	2,542146	0,012302
147,000000	11,900000	2,539603	0,009758
148,000000	11,980000	2,538331	0,008487
149,000000	12,060000	2,540874	0,012302
150,000000	12,140000	2,538331	0,008487
151,000000	12,220000	2,542146	0,007215
152,000000	12,300000	2,544690	0,011030
153,000000	12,380000	2,531971	0,012302
154,000000	12,460000	2,520525	0,014846
155,000000	12,540000	2,514166	0,011030
156,000000	12,620000	2,512894	0,011030
157,000000	12,700000	2,509078	0,008487
158,000000	12,780000	2,502719	0,009758
159,000000	12,870000	2,486185	0,013574
160,000000	12,950000	2,470923	0,008487
161,000000	13,030000	2,454389	0,012302
162,000000	13,110000	2,436583	0,012302
163,000000	13,190000	2,432767	0,008487
164,000000	13,270000	2,414962	0,012302
165,000000	13,350000	2,403515	0,012302
166,000000	13,430000	2,392068	0,011030
167,000000	13,510000	2,366631	0,009758
168,000000	13,590000	2,364088	0,012302
169,000000	13,670000	2,356457	0,013574
170,000000	13,760000	2,334835	0,011030
171,000000	13,840000	2,328476	0,016118
172,000000	13,920000	2,304311	0,009758
173,000000	14,000000	2,294136	0,011030
174,000000	14,080000	2,290321	0,013574
175,000000	14,160000	2,281418	0,005943
176,000000	14,250000	2,267427	0,009758
177,000000	14,330000	2,268699	0,011030
178,000000	14,410000	2,268699	0,007215
179,000000	14,490000	2,267427	0,013574
180,000000	14,570000	2,258524	0,012302
181,000000	14,650000	2,254709	0,012302
182,000000	14,730000	2,238175	0,007215
183,000000	14,810000	2,233087	0,007215
184,000000	14,900000	2,226728	0,007215
185,000000	14,970000	2,222913	0,014846
186,000000	15,060000	2,219097	0,012302
187,000000	15,140000	2,211466	0,009758
188,000000	15,220000	2,207650	0,009758
189,000000	15,310000	2,201291	0,007215
190,000000	15,390000	2,192388	0,013574
191,000000	15,470000	2,191116	0,012302
192,000000	15,550000	2,183485	0,008487
193,000000	15,630000	2,173311	0,009758
194,000000	15,710000	2,172039	0,005943
195,000000	15,790000	2,163136	0,011030
196,000000	15,870000	2,159320	0,005943
197,000000	15,950000	2,163136	0,005943
198,000000	16,030000	2,160592	0,012302
199,000000	16,110000	2,154233	0,005943
200,000000	16,190000	2,146602	0,007215
201,000000	16,270000	2,137699	0,009758
202,000000	16,350000	2,137699	0,013574
203,000000	16,430000	2,124980	0,009758
204,000000	16,510000	2,118621	0,012302
205,000000	16,600000	2,116077	0,011030
206,000000	16,680000	2,114806	0,008487
207,000000	16,760000	2,119893	0,011030
208,000000	16,840000	2,114806	0,012302
209,000000	16,920000	2,109718	0,013574
210,000000	17,000000	2,100815	0,009758
211,000000	17,080000	2,090640	0,011030
212,000000	17,160000	2,090640	0,013574
213,000000	17,240000	2,086825	0,008487
214,000000	17,320000	2,074106	0,005943
215,000000	17,400000	2,067747	0,012302
216,000000	17,480000	2,057572	0,011030
217,000000	17,560000	2,043582	0,011030
218,000000	17,650000	2,047398	0,005943
219,000000	17,720000	2,039767	0,011030
220,000000	17,810000	2,030864	0,009758
221,000000	17,890000	2,029592	0,012302
222,000000	17,970000	2,018145	0,009758
223,000000	18,050000	2,005427	0,013574
224,000000	18,130000	2,001611	0,009758
225,000000	18,210000	1,999067	0,009758
226,000000	18,290000	1,991436	0,009758
227,000000	18,380000	1,991436	0,012302
228,000000	18,460000	1,982533	0,009758
229,000000	18,540000	1,981262	0,011030
230,000000	18,620000	1,979990	0,005943
231,000000	18,700000	1,973631	0,005943
232,000000	18,780000	1,963456	0,012302
233,000000	18,860000	1,957097	0,009758
234,000000	18,950000	1,946922	0,008487
235,000000	19,030000	1,932931	0,011030
236,000000	19,110000	1,921485	0,014846
237,000000	19,190000	1,922757	0,009758
238,000000	19,270000	1,912582	0,012302
239,000000	19,350000	1,911310	0,011030
240,000000	19,430000	1,902407	0,007215
241,000000	19,510000	1,894776	0,011030
242,000000	19,600000	1,884601	0,013574
243,000000	19,680000	1,869339	0,011030
244,000000	19,760000	1,870611	0,009758
245,000000	19,840000	1,857892	0,007215
246,000000	19,920000	1,850261	0,009758
247,000000	20,000000	1,846446	0,013574
248,000000	20,080000	1,834999	0,011030
249,000000	20,160000	1,823553	0,016118
250,000000	20,240000	1,815921	0,008487
251,000000	20,320000	1,817193	0,007215
252,000000	20,400000	1,819737	0,013574
253,000000	20,480000	1,817193	0,007215
254,000000	20,570000	1,815921	0,009758
255,000000	20,650000	1,819737	0,011030
256,000000	20,730000	1,814650	0,009758
257,000000	20,810000	1,818465	0,009758
258,000000	20,890000	1,834999	0,011030
259,000000	20,970000	1,843902	0,009758
260,000000	21,050000	1,861708	0,009758
261,000000	21,130000	1,878242	0,013574
262,000000	21,210000	1,890960	0,012302
263,000000	21,290000	1,917669	0,012302
264,000000	21,370000	1,941834	0,011030
265,000000	21,450000	1,968543	0,013574
266,000000	21,530000	2,000339	0,009758
267,000000	21,620000	2,029592	0,005943
268,000000	21,700000	2,051213	0,008487
269,000000	21,780000	2,076650	0,011030
270,000000	21,860000	2,104631	0,009758
271,000000	21,940000	2,135155	0,007215
272,000000	22,020000	2,156777	0,008487
273,000000	22,100000	2,183485	0,014846
274,000000	22,180000	2,211466	0,014846
275,000000	22,260000	2,229272	0,011030
276,000000	22,340000	2,249621	0,011030
277,000000	22,430000	2,263612	0,007215
278,000000	22,510000	2,273787	0,005943
279,000000	22,590000	2,290321	0,013574
280,000000	22,670000	2,301767	0,012302
281,000000	22,750000	2,315757	0,009758
282,000000	22,830000	2,331020	0,011030
283,000000	22,910000	2,338651	0,005943
284,000000	22,990000	2,352641	0,013574
285,000000	23,070000	2,359000	0,012302
286,000000	23,160000	2,369175	0,005943
287,000000	23,240000	2,372991	0,014846
288,000000	23,320000	2,381894	0,009758
289,000000	23,400000	2,383165	0,012302
290,000000	23,480000	2,388253	0,013574
291,000000	23,560000	2,389525	0,009758
292,000000	23,650000	2,384437	0,012302
293,000000	23,720000	2,388253	0,012302
294,000000	23,800000	2,390796	0,013574
295,000000	23,880000	2,388253	0,012302
296,000000	23,970000	2,388253	0,007215
297,000000	24,050000	2,386981	0,008487
298,000000	24,130000	2,384437	0,011030
299,000000	24,210000	2,380622	0,009758
300,000000	24,290000	2,380622	0,012302
301,000000	24,370000	2,376806	0,009758
302,000000	24,450000	2,374262	0,011030
303,000000	24,530000	2,374262	0,012302
304,000000	24,620000	2,371719	0,008487
305,000000	24,700000	2,365360	0,013574
306,000000	24,780000	2,364088	0,011030
307,000000	24,860000	2,357728	0,009758
308,000000	24,940000	2,352641	0,013574
309,000000	25,030000	2,351369	0,012302
310,000000	25,100000	2,342466	0,008487
311,000000	25,180000	2,334835	0,011030
312,000000	25,270000	2,325932	0,009758
313,000000	25,350000	2,314486	0,005943
314,000000	25,430000	2,309398	0,009758
315,000000	25,510000	2,301767	0,011030
316,000000	25,600000	2,289049	0,005943
317,000000	25,670000	2,289049	0,008487
318,000000	25,760000	2,282689	0,011030
319,000000	25,840000	2,264884	0,011030
320,000000	25,920000	2,257252	0,012302
321,000000	26,000000	2,244534	0,009758
322,000000	26,080000	2,238175	0,012302
323,000000	26,160000	2,244534	0,011030
324,000000	26,240000	2,236903	0,009758
325,000000	26,320000	2,234359	0,009758
326,000000	26,410000	2,222913	0,012302
327,000000	26,480000	2,216553	0,013574
328,000000	26,570000	2,202563	0,009758
329,000000	26,650000	2,205107	0,009758
330,000000	26,730000	2,187301	0,012302
331,000000	26,810000	2,182213	0,011030
332,000000	26,890000	2,173311	0,009758
333,000000	26,970000	2,164408	0,013574
334,000000	27,050000	2,159320	0,012302
335,000000	27,130000	2,149145	0,011030
336,000000	27,210000	2,136427	0,014846
337,000000	27,290000	2,132611	0,007215
338,000000	27,380000	2,128796	0,009758
339,000000	27,460000	2,116077	0,012302
340,000000	27,540000	2,105903	0,008487
341,000000	27,620000	2,097000	0,012302
342,000000	27,700000	2,088097	0,013574
343,000000	27,780000	2,076650	0,008487
344,000000	27,860000	2,070291	0,012302
345,000000	27,940000	2,062660	0,011030
346,000000	28,020000	2,052485	0,011030
347,000000	28,100000	2,044854	0,009758
348,000000	28,190000	2,037223	0,013574
349,000000	28,260000	2,027048	0,012302
350,000000	28,350000	2,023233	0,007215
351,000000	28,430000	2,014330	0,012302
352,000000	28,510000	2,006699	0,007215
353,000000	28,590000	2,006699	0,009758
354,000000	28,670000	2,004155	0,009758
355,000000	28,750000	1,996524	0,009758
356,000000	28,830000	1,979990	0,011030
357,000000	28,910000	1,976174	0,011030
358,000000	29,000000	1,965999	0,012302
359,000000	29,080000	1,953281	0,011030
360,000000	29,160000	1,944378	0,007215
361,000000	29,240000	1,939291	0,011030
362,000000	29,320000	1,935475	0,011030
363,000000	29,400000	1,927844	0,007215
364,000000	29,480000	1,920213	0,009758
365,000000	29,560000	1,911310	0,008487
366,000000	29,640000	1,915126	0,011030
367,000000	29,720000	1,911310	0,011030
368,000000	29,800000	1,912582	0,012302
369,000000	29,880000	1,908766	0,009758
370,000000	29,960000	1,896048	0,007215
371,000000	30,040000	1,890960	0,013574
372,000000	30,120000	1,885873	0,017390
373,000000	30,210000	1,874426	0,004671
374,000000	30,290000	1,874426	0,005943
375,000000	30,370000	1,874426	0,009758
376,000000	30,450000	1,868067	0,012302
377,000000	30,530000	1,857892	0,009758
378,000000	30,610000	1,851533	0,012302
379,000000	30,700000	1,843902	0,011030
380,000000	30,770000	1,836271	0,012302
381,000000	30,850000	1,831184	0,011030
382,000000	30,930000	1,827368	0,005943
383,000000	31,020000	1,821009	0,009758
384,000000	31,100000	1,823553	0,011030
385,000000	31,180000	1,814650	0,011030
386,000000	31,260000	1,805747	0,013574
387,000000	31,340000	1,805747	0,009758
388,000000	31,420000	1,798116	0,007215
389,000000	31,500000	1,794300	0,005943
390,000000	31,580000	1,782853	0,007215
391,000000	31,660000	1,775222	0,013574
392,000000	31,750000	1,770135	0,007215
393,000000	31,820000	1,767591	0,012302
394,000000	31,910000	1,768863	0,011030
395,000000	31,990000	1,763776	0,011030
396,000000	32,070000	1,756145	0,009758
397,000000	32,150000	1,748514	0,007215
398,000000	32,230000	1,738339	0,008487
399,000000	32,310000	1,739611	0,009758
400,000000	32,390000	1,738339	0,008487
401,000000	32,470000	1,723077	0,011030
402,000000	32,550000	1,723077	0,011030
403,000000	32,630000	1,720533	0,013574
404,000000	32,710000	1,715446	0,009758
405,000000	32,790000	1,712902	0,008487
406,000000	32,880000	1,702727	0,013574
407,000000	32,960000	1,702727	0,013574
408,000000	33,040000	1,695096	0,008487
409,000000	33,120000	1,687465	0,011030
410,000000	33,200000	1,677290	0,012302
411,000000	33,290000	1,676018	0,012302
412,000000	33,370000	1,670931	0,005943
413,000000	33,450000	1,658212	0,011030
414,000000	33,530000	1,655669	0,009758
415,000000	33,610000	1,646766	0,005943
416,000000	33,690000	1,645494	0,005943
417,000000	33,770000	1,645494	0,012302
418,000000	33,850000	1,640407	0,013574
419,000000	33,930000	1,634047	0,011030
420,000000	34,010000	1,627688	0,009758
421,000000	34,100000	1,631504	0,009758
422,000000	34,180000	1,627688	0,012302
423,000000	34,260000	1,623873	0,011030
424,000000	34,340000	1,621329	0,013574
425,000000	34,420000	1,608610	0,013574
426,000000	34,500000	1,608610	0,011030
427,000000	34,580000	1,607339	0,012302
428,000000	34,660000	1,603523	0,011030
429,000000	34,740000	1,602251	0,012302
430,000000	34,820000	1,597164	0,011030
431,000000	34,900000	1,589533	0,008487
432,000000	34,980000	1,583173	0,008487
433,000000	35,060000	1,579358	0,009758
434,000000	35,150000	1,575542	0,012302
435,000000	35,220000	1,569183	0,009758
436,000000	35,310000	1,565368	0,009758
437,000000	35,390000	1,561552	0,009758
438,000000	35,470000	1,557736	0,009758
439,000000	35,550000	1,552649	0,012302
440,000000	35,630000	1,542474	0,011030
441,000000	35,710000	1,538659	0,011030
442,000000	35,790000	1,541202	0,008487
443,000000	35,880000	1,536115	0,009758
444,000000	35,960000	1,532300	0,007215
445,000000	36,040000	1,525940	0,012302
446,000000	36,120000	1,520853	0,007215
447,000000	36,200000	1,520853	0,011030
448,000000	36,280000	1,517037	0,008487
449,000000	36,370000	1,519581	0,011030
450,000000	36,440000	1,513222	0,012302
451,000000	36,530000	1,506863	0,011030
452,000000	36,610000	1,501775	0,011030
453,000000	36,690000	1,501775	0,013574
454,000000	36,770000	1,492872	0,011030
455,000000	36,850000	1,495416	0,009758
456,000000	36,930000	1,492872	0,012302
457,000000	37,010000	1,486513	0,012302
458,000000	37,100000	1,485241	0,007215
459,000000	37,180000	1,478882	0,009758
460,000000	37,260000	1,471251	0,011030
461,000000	37,340000	1,468707	0,009758
462,000000	37,420000	1,466163	0,011030
463,000000	37,500000	1,463620	0,012302
464,000000	37,580000	1,463620	0,009758
465,000000	37,660000	1,457261	0,008487
466,000000	37,750000	1,459804	0,007215
467,000000	37,820000	1,449629	0,007215
468,000000	37,910000	1,449629	0,011030
469,000000	37,990000	1,449629	0,005943
470,000000	38,070000	1,444542	0,011030
471,000000	38,150000	1,444542	0,011030
472,000000	38,230000	1,438183	0,011030
473,000000	38,310000	1,438183	0,011030
474,000000	38,390000	1,436911	0,007215
475,000000	38,470000	1,428008	0,007215
476,000000	38,550000	1,421649	0,009758
477,000000	38,640000	1,424193	0,012302
478,000000	38,720000	1,424193	0,012302
479,000000	38,800000	1,428008	0,009758
480,000000	38,880000	1,415290	0,012302
481,000000	38,960000	1,417833	0,007215
482,000000	39,040000	1,415290	0,014846
483,000000	39,120000	1,417833	0,008487
484,000000	39,200000	1,397484	0,008487
485,000000	39,280000	1,398756	0,011030
486,000000	39,360000	1,396212	0,011030
487,000000	39,450000	1,394940	0,011030
488,000000	39,530000	1,391125	0,009758
489,000000	39,610000	1,392396	0,012302
490,000000	39,690000	1,389853	0,009758
491,000000	39,770000	1,394940	0,011030
492,000000	39,850000	1,383493	0,009758
493,000000	39,930000	1,383493	0,007215
494,000000	40,020000	1,386037	0,012302
495,000000	40,100000	1,379678	0,012302
496,000000	40,180000	1,383493	0,005943
497,000000	40,260000	1,375862	0,007215
498,000000	40,340000	1,372047	0,009758
499,000000	40,420000	1,369503	0,007215
500,000000	40,500000	1,359328	0,011030
501,000000	40,580000	1,364416	0,009758
502,000000	40,660000	1,356785	0,005943
503,000000	40,740000	1,355513	0,009758
504,000000	40,830000	1,358056	0,011030
505,000000	40,910000	1,364416	0,014846
506,000000	40,990000	1,354241	0,005943
507,000000	41,070000	1,349154	0,012302
508,000000	41,150000	1,341522	0,011030
509,000000	41,230000	1,341522	0,007215
510,000000	41,310000	1,332620	0,011030
511,000000	41,390000	1,337707	0,013574
512,000000	41,470000	1,328804	0,008487
513,000000	41,560000	1,321173	0,011030
514,000000	41,630000	1,314814	0,009758
515,000000	41,710000	1,314814	0,011030
516,000000	41,800000	1,309726	0,012302
517,000000	41,880000	1,317357	0,012302
518,000000	41,960000	1,321173	0,012302
519,000000	42,040000	1,313542	0,009758
520,000000	42,120000	1,313542	0,012302
521,000000	42,200000	1,309726	0,009758
522,000000	42,280000	1,304639	0,007215
523,000000	42,360000	1,303367	0,013574
524,000000	42,440000	1,309726	0,012302
525,000000	42,530000	1,305911	0,011030
526,000000	42,610000	1,307183	0,012302
527,000000	42,690000	1,298280	0,011030
528,000000	42,770000	1,298280	0,007215
529,000000	42,850000	1,290649	0,009758
530,000000	42,930000	1,290649	0,004671
531,000000	43,010000	1,290649	0,005943
532,000000	43,090000	1,290649	0,009758
533,000000	43,170000	1,285561	0,014846
534,000000	43,250000	1,291920	0,011030
535,000000	43,330000	1,284289	0,013574
536,000000	43,410000	1,281746	0,011030
537,000000	43,500000	1,281746	0,007215
538,000000	43,580000	1,281746	0,011030
539,000000	43,660000	1,284289	0,012302
540,000000	43,740000	1,277930	0,008487
541,000000	43,820000	1,281746	0,009758
542,000000	43,900000	1,279202	0,007215
543,000000	43,980000	1,279202	0,009758
544,000000	44,060000	1,272843	0,009758
545,000000	44,140000	1,271571	0,007215
546,000000	44,220000	1,265212	0,009758
547,000000	44,300000	1,265212	0,007215
548,000000	44,390000	1,267755	0,014846
549,000000	44,460000	1,261396	0,005943
550,000000	44,550000	1,256309	0,008487
551,000000	44,630000	1,258852	0,009758
552,000000	44,710000	1,256309	0,009758
553,000000	44,790000	1,256309	0,009758
554,000000	44,870000	1,256309	0,009758
555,000000	44,950000	1,252493	0,011030
556,000000	45,030000	1,251221	0,011030
557,000000	45,110000	1,243590	0,013574
558,000000	45,190000	1,246134	0,014846
559,000000	45,280000	1,246134	0,011030
560,000000	45,350000	1,244862	0,011030
561,000000	45,440000	1,249949	0,009758
562,000000	45,520000	1,246134	0,012302
563,000000	45,600000	1,247406	0,011030
564,000000	45,680000	1,249949	0,012302
565,000000	45,760000	1,248678	0,008487
566,000000	45,840000	1,239775	0,008487
567,000000	45,920000	1,232144	0,005943
568,000000	46,000000	1,237231	0,008487
569,000000	46,080000	1,224513	0,013574
570,000000	46,160000	1,224513	0,008487
571,000000	46,250000	1,219425	0,008487
572,000000	46,330000	1,215610	0,005943
573,000000	46,410000	1,219425	0,012302
574,000000	46,490000	1,220697	0,009758
575,000000	46,570000	1,220697	0,014846
576,000000	46,650000	1,221969	0,008487
577,000000	46,730000	1,223241	0,011030
578,000000	46,810000	1,232144	0,009758
579,000000	46,890000	1,242318	0,012302
580,000000	46,970000	1,248678	0,012302
581,000000	47,050000	1,249949	0,007215
582,000000	47,130000	1,261396	0,012302
583,000000	47,220000	1,272843	0,011030
584,000000	47,300000	1,279202	0,009758
585,000000	47,380000	1,291920	0,014846
586,000000	47,460000	1,294464	0,013574
587,000000	47,540000	1,304639	0,011030
588,000000	47,620000	1,314814	0,011030
589,000000	47,700000	1,324988	0,009758
590,000000	47,780000	1,345338	0,014846
591,000000	47,860000	1,360600	0,012302
592,000000	47,940000	1,372047	0,011030
593,000000	48,020000	1,383493	0,011030
594,000000	48,100000	1,392396	0,008487
595,000000	48,180000	1,412746	0,007215
596,000000	48,270000	1,429280	0,013574
597,000000	48,350000	1,434367	0,012302
598,000000	48,430000	1,436911	0,008487
599,000000	48,510000	1,445814	0,013574
600,000000	48,590000	1,461076	0,009758
601,000000	48,670000	1,468707	0,011030
602,000000	48,750000	1,475066	0,013574
603,000000	48,840000	1,483969	0,011030
604,000000	48,910000	1,497960	0,008487
605,000000	49,000000	1,501775	0,011030
606,000000	49,080000	1,508134	0,011030
607,000000	49,160000	1,520853	0,014846
608,000000	49,240000	1,525940	0,011030
609,000000	49,320000	1,536115	0,011030
610,000000	49,400000	1,538659	0,008487
611,000000	49,480000	1,551377	0,013574
612,000000	49,560000	1,559008	0,007215
613,000000	49,640000	1,567911	0,011030
614,000000	49,720000	1,575542	0,011030
615,000000	49,800000	1,575542	0,012302
616,000000	49,890000	1,575542	0,008487
617,000000	49,970000	1,588261	0,013574
618,000000	50,050000	1,594620	0,011030
619,000000	50,130000	1,593348	0,008487
620,000000	50,210000	1,606067	0,008487
621,000000	50,300000	1,599707	0,011030
622,000000	50,370000	1,611154	0,007215
623,000000	50,460000	1,613698	0,009758
624,000000	50,540000	1,625144	0,011030
625,000000	50,620000	1,631504	0,012302
626,000000	50,700000	1,635319	0,009758
627,000000	50,780000	1,639135	0,011030
628,000000	50,870000	1,641678	0,011030
629,000000	50,950000	1,650581	0,014846
630,000000	51,030000	1,645494	0,007215
631,000000	51,110000	1,651853	0,009758
632,000000	51,190000	1,651853	0,009758
633,000000	51,270000	1,654397	0,011030
634,000000	51,350000	1,656941	0,011030
635,000000	51,430000	1,656941	0,009758
636,000000	51,510000	1,656941	0,009758
637,000000	51,590000	1,655669	0,011030
638,000000	51,670000	1,653125	0,012302
639,000000	51,760000	1,659484	0,012302
640,000000	51,840000	1,664572	0,009758
641,000000	51,920000	1,667115	0,012302
642,000000	52,000000	1,672203	0,005943
643,000000	52,080000	1,669659	0,012302
644,000000	52,160000	1,668387	0,009758
645,000000	52,240000	1,665844	0,011030
646,000000	52,320000	1,669659	0,005943
647,000000	52,400000	1,664572	0,009758
648,000000	52,480000	1,667115	0,008487
649,000000	52,560000	1,670931	0,011030
650,000000	52,640000	1,673475	0,013574
651,000000	52,720000	1,673475	0,007215
652,000000	52,800000	1,672203	0,012302
653,000000	52,880000	1,669659	0,009758
654,000000	52,960000	1,677290	0,011030
655,000000	53,040000	1,677290	0,013574
656,000000	53,120000	1,677290	0,013574
657,000000	53,200000	1,673475	0,012302
658,000000	53,280000	1,669659	0,011030
659,000000	53,360000	1,670931	0,007215
660,000000	53,440000	1,669659	0,005943
661,000000	53,530000	1,673475	0,012302
662,000000	53,610000	1,672203	0,009758
663,000000	53,690000	1,668387	0,009758
664,000000	53,770000	1,672203	0,009758
665,000000	53,850000	1,663300	0,014846
666,000000	53,930000	1,672203	0,012302
667,000000	54,010000	1,663300	0,009758
668,000000	54,090000	1,662028	0,005943
669,000000	54,170000	1,662028	0,004671
670,000000	54,260000	1,655669	0,009758
671,000000	54,330000	1,659484	0,005943
672,000000	54,420000	1,660756	0,005943
673,000000	54,500000	1,651853	0,009758
674,000000	54,580000	1,663300	0,013574
675,000000	54,660000	1,654397	0,009758
676,000000	54,740000	1,646766	0,009758
677,000000	54,820000	1,653125	0,012302
678,000000	54,900000	1,655669	0,005943
679,000000	54,980000	1,651853	0,009758
680,000000	55,060000	1,650581	0,012302
681,000000	55,140000	1,648038	0,014846
682,000000	55,220000	1,636591	0,005943
683,000000	55,300000	1,635319	0,013574
684,000000	55,380000	1,628960	0,009758
685,000000	55,460000	1,632775	0,011030
686,000000	55,550000	1,632775	0,009758
687,000000	55,620000	1,632775	0,013574
688,000000	55,710000	1,626416	0,009758
689,000000	55,790000	1,630232	0,011030
690,000000	55,870000	1,621329	0,008487
691,000000	55,950000	1,607339	0,008487
692,000000	56,030000	1,611154	0,009758
693,000000	56,110000	1,609882	0,013574
694,000000	56,190000	1,612426	0,012302
695,000000	56,270000	1,616241	0,012302
696,000000	56,360000	1,612426	0,009758
697,000000	56,440000	1,614970	0,009758
698,000000	56,520000	1,613698	0,011030
699,000000	56,600000	1,603523	0,008487
700,000000	56,680000	1,611154	0,009758
701,000000	56,770000	1,606067	0,012302
702,000000	56,850000	1,603523	0,011030
703,000000	56,930000	1,600979	0,012302
704,000000	57,010000	1,590805	0,013574
705,000000	57,090000	1,586989	0,012302
706,000000	57,170000	1,581902	0,011030
707,000000	57,250000	1,578086	0,011030
708,000000	57,330000	1,581902	0,012302
709,000000	57,410000	1,583173	0,011030
710,000000	57,490000	1,575542	0,007215
711,000000	57,570000	1,571727	0,009758
712,000000	57,650000	1,565368	0,009758
713,000000	57,740000	1,562824	0,011030
714,000000	57,820000	1,555193	0,013574
715,000000	57,900000	1,548834	0,012302
716,000000	57,980000	1,552649	0,007215
717,000000	58,060000	1,552649	0,012302
718,000000	58,140000	1,546290	0,012302
719,000000	58,220000	1,543746	0,009758
720,000000	58,300000	1,550105	0,012302
721,000000	58,380000	1,543746	0,011030
722,000000	58,460000	1,546290	0,012302
723,000000	58,550000	1,547562	0,011030
724,000000	58,630000	1,545018	0,014846
725,000000	58,710000	1,542474	0,009758
726,000000	58,790000	1,546290	0,008487
727,000000	58,870000	1,542474	0,011030
728,000000	58,950000	1,538659	0,013574
729,000000	59,030000	1,536115	0,011030
730,000000	59,110000	1,529756	0,013574
731,000000	59,190000	1,529756	0,009758
732,000000	59,270000	1,523397	0,013574
733,000000	59,350000	1,514494	0,007215
734,000000	59,430000	1,522125	0,016118
735,000000	59,520000	1,517037	0,011030
736,000000	59,600000	1,519581	0,012302
737,000000	59,680000	1,514494	0,009758
738,000000	59,760000	1,511950	0,012302
739,000000	59,850000	1,509406	0,007215
740,000000	59,930000	1,508134	0,007215
741,000000	60,010000	1,501775	0,012302
742,000000	60,090000	1,497960	0,009758
743,000000	60,170000	1,496688	0,009758
744,000000	60,250000	1,494144	0,011030
745,000000	60,330000	1,503047	0,005943
746,000000	60,410000	1,494144	0,005943
747,000000	60,500000	1,490329	0,014846
748,000000	60,570000	1,490329	0,008487
749,000000	60,650000	1,490329	0,012302
750,000000	60,740000	1,483969	0,008487
751,000000	60,820000	1,477610	0,016118
752,000000	60,900000	1,485241	0,012302
753,000000	60,980000	1,471251	0,009758
754,000000	61,060000	1,478882	0,013574
755,000000	61,140000	1,480154	0,009758
756,000000	61,220000	1,481426	0,012302
757,000000	61,310000	1,480154	0,013574
758,000000	61,390000	1,472523	0,012302
759,000000	61,470000	1,458532	0,007215
760,000000	61,550000	1,455989	0,011030
761,000000	61,620000	1,447086	0,014846
762,000000	61,710000	1,454717	0,011030
763,000000	61,790000	1,450901	0,012302
764,000000	61,870000	1,444542	0,011030
765,000000	61,950000	1,440727	0,011030
766,000000	62,030000	1,438183	0,012302
767,000000	62,110000	1,435639	0,013574
768,000000	62,190000	1,433095	0,011030
769,000000	62,270000	1,424193	0,008487
770,000000	62,350000	1,422921	0,013574
771,000000	62,430000	1,425464	0,009758
772,000000	62,510000	1,422921	0,005943
773,000000	62,590000	1,429280	0,009758
774,000000	62,670000	1,419105	0,009758
775,000000	62,750000	1,410202	0,007215
776,000000	62,840000	1,414018	0,011030
777,000000	62,920000	1,415290	0,011030
778,000000	63,000000	1,407659	0,011030
779,000000	63,080000	1,408930	0,009758
780,000000	63,160000	1,405115	0,012302
781,000000	63,250000	1,406387	0,011030
782,000000	63,320000	1,401299	0,007215
783,000000	63,400000	1,400027	0,013574
784,000000	63,490000	1,391125	0,008487
785,000000	63,570000	1,388581	0,012302
786,000000	63,650000	1,386037	0,011030
787,000000	63,730000	1,387309	0,013574
788,000000	63,810000	1,392396	0,011030
789,000000	63,890000	1,392396	0,007215
790,000000	63,980000	1,389853	0,013574
791,000000	64,060000	1,383493	0,008487
792,000000	64,140000	1,380950	0,016118
793,000000	64,220000	1,374590	0,011030
794,000000	64,300000	1,374590	0,008487
795,000000	64,380000	1,370775	0,008487
796,000000	64,460000	1,372047	0,013574
797,000000	64,550000	1,364416	0,009758
798,000000	64,620000	1,356785	0,008487
799,000000	64,710000	1,356785	0,011030
800,000000	64,790000	1,358056	0,005943
801,000000	64,870000	1,356785	0,011030
802,000000	64,950000	1,359328	0,011030
803,000000	65,030000	1,360600	0,011030
804,000000	65,110000	1,350425	0,005943
805,000000	65,190000	1,356785	0,009758
806,000000	65,270000	1,347882	0,011030
807,000000	65,360000	1,345338	0,012302
808,000000	65,440000	1,347882	0,011030
809,000000	65,520000	1,346610	0,014846
810,000000	65,600000	1,338979	0,011030
811,000000	65,680000	1,345338	0,011030
812,000000	65,760000	1,347882	0,012302
813,000000	65,840000	1,344066	0,007215
814,000000	65,920000	1,331348	0,008487
815,000000	66,000000	1,331348	0,011030
816,000000	66,080000	1,328804	0,012302
817,000000	66,160000	1,326260	0,011030
818,000000	66,250000	1,328804	0,013574
819,000000	66,330000	1,328804	0,016118
820,000000	66,410000	1,318629	0,012302
821,000000	66,490000	1,318629	0,012302
822,000000	66,570000	1,313542	0,007215
823,000000	66,650000	1,310998	0,013574
824,000000	66,730000	1,318629	0,012302
825,000000	66,820000	1,313542	0,009758
826,000000	66,900000	1,313542	0,013574
827,000000	66,980000	1,310998	0,009758
828,000000	67,060000	1,304639	0,012302
829,000000	67,140000	1,298280	0,011030
830,000000	67,220000	1,289377	0,011030
831,000000	67,300000	1,291920	0,008487
832,000000	67,380000	1,285561	0,014846
833,000000	67,460000	1,284289	0,012302
834,000000	67,540000	1,286833	0,011030
835,000000	67,620000	1,283017	0,007215
836,000000	67,710000	1,281746	0,007215
837,000000	67,790000	1,283017	0,011030
838,000000	67,870000	1,284289	0,009758
839,000000	67,950000	1,281746	0,005943
840,000000	68,030000	1,276658	0,008487
841,000000	68,110000	1,270299	0,011030
842,000000	68,200000	1,272843	0,008487
843,000000	68,280000	1,271571	0,011030
844,000000	68,360000	1,266483	0,011030
845,000000	68,440000	1,262668	0,013574
846,000000	68,520000	1,255037	0,013574
847,000000	68,600000	1,249949	0,009758
848,000000	68,680000	1,246134	0,011030
849,000000	68,760000	1,248678	0,009758
850,000000	68,840000	1,246134	0,011030
851,000000	68,920000	1,237231	0,012302
852,000000	69,000000	1,249949	0,009758
853,000000	69,080000	1,244862	0,009758
854,000000	69,170000	1,237231	0,007215
855,000000	69,250000	1,233415	0,011030
856,000000	69,330000	1,238503	0,012302
857,000000	69,410000	1,235959	0,013574
858,000000	69,490000	1,235959	0,011030
859,000000	69,570000	1,232144	0,009758
860,000000	69,650000	1,232144	0,013574
861,000000	69,740000	1,221969	0,009758
862,000000	69,820000	1,223241	0,012302
863,000000	69,900000	1,216881	0,009758
864,000000	69,980000	1,220697	0,011030
865,000000	70,060000	1,215610	0,009758
866,000000	70,140000	1,218153	0,013574
867,000000	70,220000	1,205435	0,011030
868,000000	70,300000	1,205435	0,012302
869,000000	70,380000	1,202891	0,012302
870,000000	70,460000	1,199076	0,011030
871,000000	70,550000	1,199076	0,009758
872,000000	70,630000	1,205435	0,011030
873,000000	70,710000	1,190173	0,007215
874,000000	70,790000	1,186357	0,014846
875,000000	70,870000	1,185085	0,011030
876,000000	70,950000	1,177454	0,008487
877,000000	71,030000	1,174910	0,005943
878,000000	71,110000	1,169823	0,011030
879,000000	71,190000	1,166008	0,013574
880,000000	71,270000	1,162192	0,011030
881,000000	71,360000	1,158376	0,013574
882,000000	71,440000	1,160920	0,008487
883,000000	71,520000	1,163464	0,011030
884,000000	71,600000	1,154561	0,007215
885,000000	71,680000	1,158376	0,012302
886,000000	71,760000	1,148202	0,011030
887,000000	71,840000	1,144386	0,009758
888,000000	71,920000	1,146930	0,009758
889,000000	72,000000	1,134211	0,009758
890,000000	72,080000	1,130396	0,009758
891,000000	72,160000	1,134211	0,011030
892,000000	72,240000	1,129124	0,012302
893,000000	72,320000	1,124037	0,012302
894,000000	72,400000	1,124037	0,011030
895,000000	72,480000	1,112590	0,009758
896,000000	72,560000	1,112590	0,008487
897,000000	72,640000	1,110046	0,005943
898,000000	72,720000	1,108774	0,008487
899,000000	72,800000	1,099871	0,005943
900,000000	72,890000	1,098600	0,012302
901,000000	72,960000	1,098600	0,008487
902,000000	73,050000	1,093512	0,011030
903,000000	73,130000	1,093512	0,004671
904,000000	73,210000	1,098600	0,011030
905,000000	73,290000	1,090969	0,007215
906,000000	73,370000	1,092240	0,011030
907,000000	73,450000	1,080794	0,008487
908,000000	73,530000	1,087153	0,014846
909,000000	73,610000	1,082066	0,011030
910,000000	73,700000	1,073163	0,009758
911,000000	73,770000	1,069347	0,011030
912,000000	73,860000	1,071891	0,009758
913,000000	73,940000	1,071891	0,007215
914,000000	74,020000	1,071891	0,008487
915,000000	74,100000	1,062988	0,009758
916,000000	74,180000	1,062988	0,011030
917,000000	74,260000	1,052813	0,009758
918,000000	74,340000	1,051541	0,012302
919,000000	74,420000	1,051541	0,007215
920,000000	74,510000	1,047726	0,005943
921,000000	74,580000	1,042638	0,012302
922,000000	74,670000	1,036279	0,011030
923,000000	74,750000	1,036279	0,013574
924,000000	74,830000	1,023561	0,009758
925,000000	74,910000	1,022289	0,011030
926,000000	74,990000	1,022289	0,011030
927,000000	75,070000	1,014658	0,008487
928,000000	75,150000	1,015930	0,012302
929,000000	75,230000	1,019745	0,011030
930,000000	75,320000	1,015930	0,009758
931,000000	75,400000	1,013386	0,007215
932,000000	75,480000	1,007027	0,012302
933,000000	75,560000	0,998124	0,008487
934,000000	75,640000	1,003211	0,012302
935,000000	75,720000	0,989221	0,012302
936,000000	75,800000	0,994308	0,007215
937,000000	75,880000	0,986677	0,011030
938,000000	75,960000	0,985405	0,012302
939,000000	76,050000	0,973959	0,011030
940,000000	76,130000	0,971415	0,009758
941,000000	76,210000	0,971415	0,012302
942,000000	76,290000	0,966328	0,008487
943,000000	76,370000	0,970143	0,012302
944,000000	76,450000	0,957425	0,008487
945,000000	76,530000	0,957425	0,011030
946,000000	76,610000	0,948522	0,009758
947,000000	76,690000	0,942162	0,012302
948,000000	76,770000	0,943434	0,011030
949,000000	76,850000	0,938347	0,013574
950,000000	76,930000	0,934531	0,009758
951,000000	77,010000	0,929444	0,012302
952,000000	77,090000	0,930716	0,005943
953,000000	77,180000	0,934531	0,011030
954,000000	77,260000	0,928172	0,009758
955,000000	77,340000	0,929444	0,011030
956,000000	77,420000	0,919269	0,008487
957,000000	77,500000	0,915454	0,011030
958,000000	77,580000	0,920541	0,017390
959,000000	77,660000	0,915454	0,009758
960,000000	77,740000	0,907823	0,011030
961,000000	77,830000	0,904007	0,008487
962,000000	77,910000	0,907823	0,011030
963,000000	77,990000	0,897648	0,011030
964,000000	78,070000	0,901463	0,013574
965,000000	78,150000	0,891289	0,012302
966,000000	78,230000	0,892560	0,014846
967,000000	78,310000	0,896376	0,011030
968,000000	78,390000	0,893832	0,004671
969,000000	78,470000	0,897648	0,011030
970,000000	78,550000	0,892560	0,009758
971,000000	78,630000	0,886201	0,009758
972,000000	78,710000	0,896376	0,009758
973,000000	78,790000	0,882386	0,009758
974,000000	78,880000	0,877298	0,012302
975,000000	78,960000	0,873483	0,005943
976,000000	79,040000	0,865852	0,007215
977,000000	79,120000	0,869667	0,012302
978,000000	79,200000	0,860764	0,009758
979,000000	79,280000	0,854405	0,009758
980,000000	79,360000	0,858221	0,009758
981,000000	79,440000	0,856949	0,011030
982,000000	79,520000	0,849318	0,011030
983,000000	79,600000	0,848046	0,011030
984,000000	79,680000	0,844230	0,009758
985,000000	79,760000	0,836599	0,007215
986,000000	79,850000	0,837871	0,011030
987,000000	79,920000	0,840415	0,012302
988,000000	80,000000	0,839143	0,012302
989,000000	80,090000	0,827696	0,007215
990,000000	80,170000	0,822609	0,009758
991,000000	80,250000	0,822609	0,012302
992,000000	80,330000	0,814978	0,009758
993,000000	80,410000	0,807347	0,013574
994,000000	80,490000	0,807347	0,011030
995,000000	80,570000	0,808618	0,011030
996,000000	80,650000	0,807347	0,012302
997,000000	80,730000	0,799716	0,013574
998,000000	80,810000	0,802259	0,014846
999,000000	80,890000	0,786997	0,011030
1000,000000	80,980000	0,792084	0,011030
1001,000000	81,060000	0,792084	0,012302
1002,000000	81,140000	0,797172	0,008487
1003,000000	81,220000	0,803531	0,008487
1004,000000	81,300000	0,795900	0,008487
1005,000000	81,380000	0,797172	0,013574
1006,000000	81,460000	0,795900	0,008487
1007,000000	81,540000	0,786997	0,009758
1008,000000	81,620000	0,789541	0,009758
1009,000000	81,700000	0,792084	0,011030
1010,000000	81,780000	0,780638	0,007215
1011,000000	81,860000	0,784453	0,007215
1012,000000	81,940000	0,778094	0,009758
1013,000000	82,030000	0,778094	0,013574
1014,000000	82,100000	0,778094	0,009758
1015,000000	82,190000	0,764104	0,005943
1016,000000	82,260000	0,766648	0,011030
1017,000000	82,350000	0,759016	0,011030
1018,000000	82,430000	0,757745	0,007215
1019,000000	82,510000	0,767919	0,011030
1020,000000	82,590000	0,771735	0,008487
1021,000000	82,670000	0,760288	0,009758
1022,000000	82,760000	0,769191	0,012302
1023,000000	82,840000	0,759016	0,011030
1024,000000	82,920000	0,755201	0,011030
1025,000000	83,000000	0,753929	0,011030
1026,000000	83,080000	0,748842	0,009758
1027,000000	83,160000	0,747570	0,012302
1028,000000	83,240000	0,732308	0,011030
1029,000000	83,330000	0,731036	0,011030
1030,000000	83,410000	0,720861	0,009758
1031,000000	83,490000	0,714502	0,012302
1032,000000	83,570000	0,704327	0,007215
1033,000000	83,650000	0,705599	0,013574
1034,000000	83,730000	0,701783	0,005943
1035,000000	83,810000	0,695424	0,008487
1036,000000	83,890000	0,687793	0,013574
1037,000000	83,970000	0,675075	0,007215
1038,000000	84,050000	0,675075	0,011030
1039,000000	84,130000	0,676346	0,011030
1040,000000	84,210000	0,672531	0,009758
1041,000000	84,290000	0,681434	0,009758
1042,000000	84,370000	0,680162	0,012302
1043,000000	84,460000	0,677618	0,013574
1044,000000	84,540000	0,676346	0,012302
1045,000000	84,620000	0,676346	0,017390
1046,000000	84,700000	0,675075	0,012302
1047,000000	84,780000	0,676346	0,007215
1048,000000	84,860000	0,681434	0,007215
1049,000000	84,940000	0,677618	0,013574
1050,000000	85,020000	0,685249	0,011030
1051,000000	85,100000	0,683977	0,008487
1052,000000	85,180000	0,676346	0,005943
1053,000000	85,260000	0,675075	0,013574
1054,000000	85,350000	0,671259	0,012302
1055,000000	85,430000	0,663628	0,009758
1056,000000	85,510000	0,666172	0,009758
1057,000000	85,590000	0,668715	0,007215
1058,000000	85,670000	0,664900	0,013574
1059,000000	85,750000	0,661084	0,016118
1060,000000	85,830000	0,654725	0,008487
1061,000000	85,910000	0,654725	0,011030
1062,000000	85,990000	0,647094	0,009758
1063,000000	86,080000	0,638191	0,013574
1064,000000	86,160000	0,635647	0,013574
1065,000000	86,240000	0,624201	0,009758
1066,000000	86,320000	0,628016	0,013574
1067,000000	86,400000	0,629288	0,005943
1068,000000	86,480000	0,624201	0,009758
1069,000000	86,560000	0,625472	0,011030
1070,000000	86,650000	0,619113	0,005943
1071,000000	86,730000	0,617841	0,011030
1072,000000	86,810000	0,617841	0,009758
1073,000000	86,890000	0,607667	0,012302
1074,000000	86,970000	0,607667	0,008487
1075,000000	87,050000	0,605123	0,011030
1076,000000	87,130000	0,602579	0,009758
1077,000000	87,210000	0,603851	0,009758
1078,000000	87,290000	0,603851	0,011030
1079,000000	87,370000	0,598764	0,009758
1080,000000	87,460000	0,591133	0,012302
1081,000000	87,540000	0,582230	0,012302
1082,000000	87,620000	0,579686	0,011030
1083,000000	87,700000	0,578414	0,011030
1084,000000	87,780000	0,566967	0,012302
1085,000000	87,860000	0,564424	0,013574
1086,000000	87,950000	0,565696	0,013574
1087,000000	88,030000	0,560608	0,009758
